web-scraper-order,web-scraper-start-url,link_to,link_to-href,title,match_info
"1541972168-68","https://www.nogomania.com/Evropski-Pokali/Liga-Prvakov.aspx","3:0","https://www.nogomania.com/Evropske-Lige/Ekipa/Real-Madrid/Novica/Mocni-Real-odpravil-Romo.aspx","Močni Real odpravil Romo","Štadion: Santiago Bernabeu, Gledalcev: 69251, Sodnik: Björn Kuipers (NIZ)
        
        
            
                
                
                Real Madrid
            
            
                3 : 0
            
            
                
                
                Roma
            
        
    
    
        
            
            
        23'Sergio Ramos    44'Daniele De Rossi45'Isco1 : 0 58'Gareth Bale2 : 0   76'Edin Džeko91'Mariano Diaz3 : 0 
        
        
            Real Madrid: Keylor Navas, Daniel Carvajal, Marcelo, Sergio Ramos, Raphaël Varane, Luka Modrić (od 85. Dani Ceballos), Toni Kroos, Isco, Casemiro, Gareth Bale (od 73. Mariano Diaz), Karim Benzema (od 62. Marcos Asensio).
Trener: Julen Lopetegui
            
            Roma: Robin Olsen, Konstantinos Manolas, Aleksandar Kolarov, Federico Fazio, Steven Nzonzi (od 69. Patrik Schick), Daniele De Rossi, Alessandro Florenzi, Nicolò Zaniolo (od 54. Lorenzo Pellegrini), Cengiz Under, Edin Džeko, Stephan El Shaarawy (od 62. Diego Perotti).
Trener: Eusebio Di Francesco"
"1541972128-56","https://www.nogomania.com/Evropski-Pokali/Liga-Prvakov.aspx","1:1","https://www.nogomania.com/Evropske-Lige/Ekipa/BSC-Young-Boys/Novica/Valencia-zakockala-tri-tocke-v-Svici.aspx","Valencia zakockala tri točke v Švici","Štadion: Stade de Suisse, Gledalcev: 31120, Sodnik: Andris Treimanis (LAT)
        
        
            
                
                
                Young Boys
            
            
                1 : 1
            
            
                
                
                Valencia
            
        
    
    
        
            
            
          8'Gabriel Paulista 0 : 126'Michy Batshuayi42'Kevin Mbabu  55'Guillaume Hoarau (11m)1 : 1   77'Carlos Soler
        
        
            Young Boys: Marco Wolfli, Steve von Bergen, Kevin Mbabu, Loris Benito, Djibril Sow, Sékou Sanogo, Sandro Lauper, Christian Fassnacht (od 85. Leonardo Bertone), Roger Assalé, Guillaume Hoarau (od 79. Jean-Pierre Nsame), Miralem Sulejmani (od 74. Moumi Ngamaleu).
Trener: Gerardo Seoane
            
            Valencia: Neto, Cristiano Piccini, Gabriel Paulista, Jose Gaya, Mouctar Diakhaby, Ferran Torres (od 67. Kevin Gameiro), Geoffrey Kondogbia (od 70. Francis Coquelin), Daniel Parejo, Carlos Soler, Rodrigo, Michy Batshuayi.
Trener: Marcelino"
"1541972267-101","https://www.nogomania.com/Evropski-Pokali/Liga-Prvakov.aspx","1:1","https://www.nogomania.com/Evropske-Lige/Ekipa/Inter/Novica/Icardi-je-poskrbel-za-remi-v-Milanu.aspx","Icardi je poskrbel za remi v Milanu","Štadion: Giuseppe Meazza, Gledalcev: 70915, Sodnik: Szymon Marciniak (POL)
        
        
            
                
                
                Inter
            
            
                1 : 1
            
            
                
                
                Barcelona
            
        
    
    
        
            
            
          42'Ivan Rakitić 0 : 183'Malcom84'Marcelo Brozović  87'Mauro Icardi1 : 1 88'Ivan Perišić  
        
        
            Inter: Samir Handanovič, Šime Vrsaljko, Stefan de Vrij, Milan Škriniar, Kwadwo Asamoah, Marcelo Brozović (od 85. Lautaro Martinez), Matias Vecino, Ivan Perišić, Matteo Politano (od 81. Antonio Candreva), Radja Nainggolan (od 63. Borja Valero), Mauro Icardi.
Trener: Luciano Spalletti
            
            Barcelona: Marc-Andre ter Stegen, Gerard Pique, Clément Lenglet, Jordi Alba, Arthur (od 74. Arturo Vidal), Sergio Busquets, Ivan Rakitić, Coutinho, Sergi Roberto, Ousmane Dembele (od 81. Malcom), Luis Suarez.
Trener: Ernesto Valverde"
"1541972136-59","https://www.nogomania.com/Evropski-Pokali/Liga-Prvakov.aspx","0:2","https://www.nogomania.com/Evropske-Lige/Ekipa/Valencia/Novica/Nic-ne-more-zmotiti-Juventusa.aspx","Nič ne more zmotiti Juventusa","Štadion: Mestalla, Gledalcev: 46067, Sodnik: Felix Brych (NEM)
        
        
            
                
                
                Valencia
            
            
                0 : 2
            
            
                
                
                Juventus
            
        
    
    
        
            
            
          29'Cristiano Ronaldo43'Daniel Parejo   0 : 145'Miralem Pjanić (11m)49'Jeison Murillo   0 : 251'Miralem Pjanić (11m)54'Ruben Vezo    59'Alex Sandro  81'Wojciech Szczesny  96'Daniele Rugani
        
        
            Valencia: Neto, Daniel Wass, Jeison Murillo, Gabriel Paulista, Jose Gaya, Ruben Vezo (od 57. Denis Čerišev), Daniel Parejo, Gonçalo Guedes (od 70. Santi Mina), Carlos Soler, Rodrigo, Michy Batshuayi (od 70. Kevin Gameiro).
Trener: Marcelino
            
            Juventus: Wojciech Szczesny, Alex Sandro, Leonardo Bonucci, Giorgio Chiellini, Joao Cancelo, Sami Khedira (od 23. Emre Can), Blaise Matuidi, Miralem Pjanić (od 67. Douglas Costa, od 89. Daniele Rugani), Federico Bernardeschi, Mario Mandžukić, Cristiano Ronaldo.
Trener: Massimiliano Allegri"
"1541972245-94","https://www.nogomania.com/Evropski-Pokali/Liga-Prvakov.aspx","2:0","https://www.nogomania.com/Evropske-Lige/Ekipa/Crvena-zvezda/Novica/Senzacija-vseh-senzacij-v-Beogradu.aspx","Senzacija vseh senzacij v Beogradu!","Štadion: Marakana, Gledalcev: 51318, Sodnik: Antonio Mateu (ŠPA)
        
        
            
                
                
                Crvena zvezda
            
            
                2 : 0
            
            
                
                
                Liverpool
            
        
    
    
        
            
            
        5'Marko Marin  22'Milan Pavkov1 : 0 29'Milan Pavkov2 : 0   36'Adam Lallana
        
        
            Crvena zvezda: Milan Borjan, Vujadin Savić, Miloš Degenek, Milan Rodić, Filip Stojković (od 59. Marko Gobeljić), Dušan Jovančić, Slavoljub Srnić, Nenad Krstičić (od 73. Branko Jovičić), Marko Marin (od 64. Goran Čaušić), El Fardou Ben Nabouhane, Milan Pavkov.
Trener: Vladan Milojević
            
            Liverpool: Alisson, Trent Alexander-Arnold (od 46. Joe Gomez), Virgil van Dijk, Joel Matip, Andrew Robertson, James Milner, Georginio Wijnaldum, Adam Lallana (od 79. Divock Origi), Mohamed Salah, Sadio Mane, Daniel Sturridge (od 46. Roberto Firmino).
Trener: Jürgen Klopp"
"1541972304-112","https://www.nogomania.com/Evropski-Pokali/Liga-Prvakov.aspx","1:1","https://www.nogomania.com/Evropske-Lige/Ekipa/AS-Monaco/Novica/Dvoboj-za-ligo-Europa-brez-zmagovalca.aspx","Dvoboj za ligo Europa brez zmagovalca","Štadion: Jan Breydel Stadium, Gledalcev: 23957, Sodnik: Michael Oliver (ANG)
        
        
            
                
                
                Club Brugge
            
            
                1 : 1
            
            
                
                
                Monaco
            
        
    
    
        
            
            
         0 : 131'Moussa Sylla39'Wesley1 : 1   44'Djibril Sidibé  57'Jemerson64'Marvelous Nakamba  85'Wesley  89'Emmanuel Dennis    92'Youri Tielemans
        
        
            Club Brugge: Karlo Letica, Marvelous Nakamba, Brandon Mechele, Benoit Poulain, Stefano Denswil, Ruud Vormer, Hans Vanaken, Wesley, Thibault Vlietinck (od 83. Clinton Mata), Emmanuel Dennis (od 90. Krépin Diatta), Kaveh Rezaei (od 79. Lois Openda).
Trener: Ivan Leko
            
            Monaco: Loic Badiashile, Andrea Raggi, Kamil Glik, Djibril Sidibé (od 64. Benjamin Henrichs), Jemerson, Youssef Ait Bennasser, Youri Tielemans, Aleksandr Golovin, Nacer Chadli, Stevan Jovetić (od 12. Sofiane Diop, od 73. Jean-Eudes Aholou), Moussa Sylla.
Trener: Thierry Henry"
"1541972178-71","https://www.nogomania.com/Evropski-Pokali/Liga-Prvakov.aspx","0:3","https://www.nogomania.com/Evropske-Lige/Ekipa/Sahtar-Donjeck/Novica/City-je-popravil-napako-iz-prvega-kroga.aspx","City je popravil napako iz prvega kroga","Štadion: Donbass Arena, Gledalcev: 37106, Sodnik: 
        
        
            
                
                
                Šahtar
            
            
                0 : 3
            
            
                
                
                Manchester City
            
        
    
    
        
            
            
         0 : 130'David Silva 0 : 235'Aymeric Laporte 0 : 370'Bernardo Silva87'Sergej Krivcov    94'Nicolas Otamendi
        
        
            Šahtar: Andrij Pjatov, Sergej Krivcov, Jaroslav Rakitskij, Ismaily, Mikola Matvienko, Maycon, Fernando (od 84. Dentinho), Wellington Nem (od 69. Sergij Bolbat), Viktor Kovalenko (od 62. Alan Patrick), Taras Stepanenko, Junior Moraes.
Trener: Paulo Fonseca
            
            Manchester City: Ederson, Nicolas Otamendi, Aymeric Laporte, John Stones (od 80. Kyle Walker), Benjamin Mendy, Fernandinho, Kevin De Bruyne (od 69. Bernardo Silva), Raheem Sterling, Bernardo Silva, Gabriel Jesus (od 87. Phil Foden), Riyad Mahrez.
Trener: Josep Guardiola"
"1541972215-84","https://www.nogomania.com/Evropski-Pokali/Liga-Prvakov.aspx","3:0","https://www.nogomania.com/Evropske-Lige/Ekipa/AFC-Ajax/Novica/Ajax-je-trl-in-strl-AEK.aspx","Ajax je trl in strl AEK","Štadion: Amsterdam Arena, Gledalcev: 52285, Sodnik: Carlos Del Cerro (ŠPA)
        
        
            
                
                
                Ajax
            
            
                3 : 0
            
            
                
                
                AEK
            
        
    
    
        
            
            
        46'Nicolas Tagliafico1 : 0   72'Alef74'Frenkie de Jong    74'Petros Mantalos75'Hakim Ziyech  77'Donny van de Beek2 : 0 88'Nicolas Tagliafico  90'Nicolas Tagliafico3 : 0 
        
        
            Ajax: André Onana, Noussair Mazraoui, Nicolas Tagliafico, Carel Eiting, Frenkie de Jong, David Neres (od 78. Kasper Dolberg), Daley Blind, Lasse Schøne, Hakim Ziyech, Klaas-Jan Huntelaar (od 62. Donny van de Beek), Dušan Tadić.
Trener: Erik ten Hag
            
            AEK: Vasilios Barkas, Vasilios Lampropoulos, Uroš Ćosić, Marios Oikonomou, Niklas Hult, Michalis Bakakis (od 70. Giannis Gianniotas), André Simões, Konstantinos Galanopoulos (od 61. Alef), Petros Mantalos, Viktor Klonaridis, Ezequiel Ponce (od 81. Georgios Giakoumakis).
Trener: Marinos Ouzounidis"
"1541972311-114","https://www.nogomania.com/Evropski-Pokali/Liga-Prvakov.aspx","3:0","https://www.nogomania.com/Evropske-Lige/Ekipa/Borussia-Dortmund/Novica/Monaco-nekonkurencen-tudi-v-ligi-prvakov.aspx","Monaco nekonkurenčen tudi v ligi prvakov","Štadion: Signal Iduna Park, Gledalcev: 66099, Sodnik: Aliaksei Kulbakov (BLR)
        
        
            
                
                
                Borussia Dortmund
            
            
                3 : 0
            
            
                
                
                Monaco
            
        
    
    
        
            
            
        51'Jacob Bruun Larsen1 : 0 72'Paco Alcacer2 : 0 92'Marco Reus3 : 0 
        
        
            Borussia Dortmund: Roman Burki, Abdou Diallo, Manuel Akanji, Dan-Axel Zagadou, Lukasz Piszczek, Marco Reus, Thomas Delaney (od 65. Julian Weigl), Axel Witsel, Paco Alcacer, Jadon Sancho (od 84. Maximilian Philipp), Marius Wolf (od 46. Jacob Bruun Larsen).
Trener: Lucien Favre
            
            Monaco: Diego Benaglio (od 45. Danijel Subašić), Andrea Raggi, Kamil Glik, Jemerson, Djibril Sidibé, Youri Tielemans, Aleksandr Golovin (od 77. Nacer Chadli), Benjamin Henrichs, Jean-Eudes Aholou, Moussa Sylla (od 70. Samuel Grandsir), Radamel Falcao.
Trener: Thierry Henry"
"1541972130-57","https://www.nogomania.com/Evropski-Pokali/Liga-Prvakov.aspx","0:0","https://www.nogomania.com/Evropske-Lige/Ekipa/Manchester-Utd/Novica/Na-Old-Traffordu-so-mreze-mirovale.aspx","Na Old Traffordu so mreže mirovale","Štadion: Old Trafford, Gledalcev: 73569, Sodnik: Slavko Vinčić (SLO)
        
        
            
                
                
                Manchester Utd.
            
            
                0 : 0
            
            
                
                
                Valencia
            
        
    
    
        
            
            
          21'Francis Coquelin  32'Rodrigo  45'Daniel Parejo  85'Cristiano Piccini86'Romelu Lukaku    87'Jose Gaya  92'Geoffrey Kondogbia
        
        
            Manchester Utd.: David De Gea, Chris Smalling, Luke Shaw, Eric Bailly, Paul Pogba, Nemanja Matić, Antonio Valencia, Marouane Fellaini, Romelu Lukaku, Alexis Sanchez (od 76. Anthony Martial), Marcus Rashford.
Trener: Jose Mourinho
            
            Valencia: Neto, Cristiano Piccini, Ezequiel Garay, Gabriel Paulista, Jose Gaya, Daniel Parejo, Gonçalo Guedes (od 83. Denis Čerišev), Francis Coquelin (od 78. Carlos Soler), Geoffrey Kondogbia, Rodrigo, Michy Batshuayi (od 73. Kevin Gameiro).
Trener: Marcelino"
"1541972314-115","https://www.nogomania.com/Evropski-Pokali/Liga-Prvakov.aspx","0:1","https://www.nogomania.com/Evropske-Lige/Ekipa/Club-Brugge-K-V/Novica/Pulisic-si-je-z-golom-za-zmago-podaril-cestitko.aspx","Pulišič si je z golom za zmago podaril čestitko","Štadion: Jan Breydel Stadium, Gledalcev: 25181, Sodnik: Danny Makkelie (NIZ)
        
        
            
                
                
                Club Brugge
            
            
                0 : 1
            
            
                
                
                Borussia Dortmund
            
        
    
    
        
            
            
          19'Julian Weigl 0 : 185'Christian Pulišić  90'Shinji Kagawa
        
        
            Club Brugge: Karlo Letica, Benoit Poulain, Stefano Denswil, Matej Mitrović, Ruud Vormer, Mats Rits, Jelle Vossen (od 82. Lois Openda), Hans Vanaken, Wesley, Thibault Vlietinck (od 56. Dion Cools), Arnaut Groeneveld (od 76. Emmanuel Dennis).
Trener: Ivan Leko
            
            Borussia Dortmund: Roman Burki, Abdou Diallo, Marcel Schmelzer, Manuel Akanji, Mario Götze (od 62. Shinji Kagawa), Axel Witsel, Lukasz Piszczek, Marco Reus, Julian Weigl (od 84. Mahmoud Dahoud), Marius Wolf, Jadon Sancho (od 69. Christian Pulišić).
Trener: Lucien Favre"
"1541972200-79","https://www.nogomania.com/Evropski-Pokali/Liga-Prvakov.aspx","1:0","https://www.nogomania.com/Evropske-Lige/Ekipa/AFC-Ajax/Novica/Ajax-tipa-osmino-finala.aspx","Ajax tipa osmino finala","Štadion: Amsterdam Arena, Gledalcev: 52489, Sodnik: Ruddy Buquet (FRA)
        
        
            
                
                
                Ajax
            
            
                1 : 0
            
            
                
                
                Benfica
            
        
    
    
        
            
            
          9'Jardel22'Noussair Mazraoui  39'André Onana  49'Nicolas Tagliafico    64'Germán Conti  72'Eduardo Salvio  86'Haris Seferović92'Noussair Mazraoui1 : 0 
        
        
            Ajax: André Onana, Matthijs de Ligt, Noussair Mazraoui, Nicolas Tagliafico, Hakim Ziyech, Donny van de Beek (od 88. David Neres), Frenkie de Jong, Daley Blind, Lasse Schøne, Dušan Tadić, Kasper Dolberg.
Trener: Erik ten Hag
            
            Benfica: Odisseas Vlachodimos, Alejandro Grimaldo, Germán Conti, Jardel, Gedson Fernandes, Ljubomir Fejsa, Andre Almeida, Pizzi (od 79. Gabriel Pires), Eduardo Salvio, Haris Seferović, Rafa Silva (od 90. Franco Cervi).
Trener: Rui Vitoria"
"1541972224-87","https://www.nogomania.com/Evropski-Pokali/Liga-Prvakov.aspx","0:0","https://www.nogomania.com/Evropske-Lige/Ekipa/Galatasaray-SK/Novica/V-skupini-D-bo-napeto-do-konca.aspx","V skupini D bo napeto do konca","Štadion: Turk Telekom Arena, Gledalcev: 46667, Sodnik: Benoît Bastien (FRA)
        
        
            
                
                
                Galatasaray
            
            
                0 : 0
            
            
                
                
                Schalke
            
        
    
    
        
            
            
          49'Breel Donald Embolo52'Yuto Nagatomo  60'Martin Linnes  96'Younes Belhanda  
        
        
            Galatasaray: Fernando Muslera, Maicon, Ozan Kabak, Martin Linnes, Yuto Nagatomo (od 81. Ömer Bayram), Ryan Donk, Garry Rodrigues, Sinan Gümüs (od 61. Selcuk Inan), Badou N'Diaye, Younes Belhanda, Eren Derdiyok (od 70. Mugdat Celik).
Trener: Fatih Terim
            
            Schalke: Alexander Nübel, Hamza Mendyl, Matija Nastasić, Benjamin Stambouli, Salif Sané, Jevgen Konopljanka (od 77. Steven Skrzybski), Breel Donald Embolo (od 82. Weston McKennie), Suat Serdar, Daniel Caligiuri, Sebastian Rudy, Mark Uth (od 90. Guido Burgstaller).
Trener: Domenico Tedesco"
"1541972155-64","https://www.nogomania.com/Evropski-Pokali/Liga-Prvakov.aspx","3:0","https://www.nogomania.com/Evropske-Lige/Ekipa/Roma/Novica/Rusi-bodo-sanjali-neusmiljenega-Edina-Dzeka.aspx","Rusi bodo sanjali neusmiljenega Edina Džeka","Štadion: Olimpico, Gledalcev: 46005, Sodnik: Anastasios Sidiropoulos (GRČ)
        
        
            
                
                
                Roma
            
            
                3 : 0
            
            
                
                
                CSKA Moskva
            
        
    
    
        
            
            
        30'Edin Džeko1 : 0 43'Edin Džeko2 : 0 50'Cengiz Under3 : 0   71'Kiril Nababkin  88'Arnor Sigurdsson
        
        
            Roma: Robin Olsen, Konstantinos Manolas, Davide Santon, Federico Fazio, Steven Nzonzi, Daniele De Rossi (od 81. Patrik Schick), Alessandro Florenzi, Lorenzo Pellegrini (od 68. Bryan Cristante), Cengiz Under (od 73. Aleksandar Kolarov), Edin Džeko, Stephan El Shaarawy.
Trener: Eusebio Di Francesco
            
            CSKA Moskva: Ilya Pomazun, Hördur Magnússon, Nikita Černov (od 57. Khetag Kosunov), Rodrigo Becão, Kiril Nababkin, Mário Fernandes, Ivan Obljakov (od 57. Alan Dzagojev), Arnor Sigurdsson, Ilzat Ahmetov, Fedor Čalov (od 90. Takuma Nishimura), Nikola Vlašić.
Trener: Viktor Gončarenko"
"1541972276-104","https://www.nogomania.com/Evropski-Pokali/Liga-Prvakov.aspx","2:2","https://www.nogomania.com/Evropske-Lige/Ekipa/PSV-Eindhoven/Novica/PSV-je-prekrizal-nacrte-Tottenhamu.aspx","PSV je prekrižal načrte Tottenhamu","Štadion: Philips Stadion, Gledalcev: 35000, Sodnik: Slavko Vinčić (SLO)
        
        
            
                
                
                PSV Eindhoven
            
            
                2 : 2
            
            
                
                
                Tottenham
            
        
    
    
        
            
            
          20'Mousa Dembele29'Hirving Lozano1 : 0  1 : 139'Lucas Moura 1 : 254'Harry Kane59'Angeliño    79'Hugo Lloris87'Luuk de Jong2 : 2 91'Denzel Dumfries  95'Pablo Rosario  
        
        
            PSV Eindhoven: Jeroen Zoet, Angeliño, Denzel Dumfries, Daniel Schwaab, Nick Viergever, Pablo Rosario, Jorrit Hendrix, Gastón Pereiro (od 83. Cody Gakpo), Hirving Lozano, Donyell Malen, Luuk de Jong.
Trener: Mark van Bommel
            
            Tottenham: Hugo Lloris, Toby Alderweireld, Benjamin Davies, Eric Dier, Kieran Trippier, Davinson Sanchez, Mousa Dembele (od 74. Harry Winks), Lucas Moura (od 64. Erik Lamela), Christian Eriksen, Heung-Min Son (od 81. Michel Vorm), Harry Kane.
Trener: Mauricio Pochettino"
"1541972264-100","https://www.nogomania.com/Evropski-Pokali/Liga-Prvakov.aspx","3:2","https://www.nogomania.com/Evropske-Lige/Ekipa/Liverpool/Novica/Firmino-odlocil-dramo-na-Anfieldu.aspx","Firmino odločil dramo na Anfieldu","Štadion: Anfield, Gledalcev: 52478, Sodnik: Cuneyt Cakιr (TUR)
        
        
            
                
                
                Liverpool
            
            
                3 : 2
            
            
                
                
                Paris SG
            
        
    
    
        
            
            
        27'Virgil van Dijk  30'Daniel Sturridge1 : 0 36'James Milner (11m)2 : 0  2 : 140'Thomas Meunier  45'Thomas Meunier 2 : 283'Kylian Mbappe91'Roberto Firmino3 : 2 
        
        
            Liverpool: Alisson, Trent Alexander-Arnold, Virgil van Dijk, Andrew Robertson, Joe Gomez, James Milner, Jordan Henderson, Georginio Wijnaldum, Mohamed Salah (od 85. Xherdan Shaqiri), Daniel Sturridge (od 72. Roberto Firmino), Sadio Mane (od 93. Fabinho).
Trener: Jürgen Klopp
            
            Paris SG: Alphonse Areola, Thiago Silva, Marquinhos, Presnel Kimpembe, Angel Di Maria (od 80. Eric Maxim Choupo-Moting), Thomas Meunier, Juan Bernat, Adrien Rabiot, Neymar, Edinson Cavani (od 81. Julian Draxler), Kylian Mbappe.
Trener: Thomas Tuchel"
"1541972289-108","https://www.nogomania.com/Evropski-Pokali/Liga-Prvakov.aspx","4:0","https://www.nogomania.com/Evropske-Lige/Ekipa/Barcelona/Novica/Lionel-Messi-je-vrgel-rokavico.aspx","Lionel Messi je vrgel rokavico","Štadion: Nou Camp, Gledalcev: 73462, Sodnik: Anastasios Sidiropoulos (GRČ)
        
        
            
                
                
                Barcelona
            
            
                4 : 0
            
            
                
                
                PSV Eindhoven
            
        
    
    
        
            
            
          30'Nick Viergever31'Lionel Messi1 : 0 55'Samuel Umtiti    57'Luuk de Jong74'Ousmane Dembele2 : 0 77'Lionel Messi3 : 0 79'Samuel Umtiti  87'Lionel Messi4 : 0 
        
        
            Barcelona: Marc-Andre ter Stegen, Samuel Umtiti, Gerard Pique, Jordi Alba, Sergio Busquets, Ivan Rakitić (od 85. Arturo Vidal), Coutinho (od 81. Clément Lenglet), Sergi Roberto, Ousmane Dembele (od 83. Arthur), Luis Suarez, Lionel Messi.
Trener: Ernesto Valverde
            
            PSV Eindhoven: Jeroen Zoet, Daniel Schwaab, Angeliño, Denzel Dumfries, Nick Viergever (od 66. Nicolas Isimat-Mirin), Pablo Rosario (od 82. Erick Gutiérrez), Jorrit Hendrix, Gastón Pereiro, Steven Bergwijn (od 78. Donyell Malen), Hirving Lozano, Luuk de Jong.
Trener: Mark van Bommel"
"1541972181-72","https://www.nogomania.com/Evropski-Pokali/Liga-Prvakov.aspx","3:3","https://www.nogomania.com/Evropske-Lige/Ekipa/Hoffenheim/Novica/Vrtiljak-preobratov-v-Hoffenheimu.aspx","Vrtiljak preobratov v Hoffenheimu","Štadion: Rhein-Neckar-Arena, Gledalcev: 24144, Sodnik: Alberto Undiano (ŠPA)
        
        
            
                
                
                Hoffenheim
            
            
                3 : 3
            
            
                
                
                Lyon
            
        
    
    
        
            
            
         0 : 126'Bertrand Traore32'Andrej Kramarić1 : 1 47'Andrej Kramarić2 : 1  2 : 259'Tanguy NDombele 2 : 367'Memphis Depay  86'Kenny Tete92'Joelinton3 : 3 94'Kerem Demirbay  
        
        
            Hoffenheim: Oliver Baumann, Ermin Bičakčić (od 73. Reiss Nelson), Kevin Akpoguma, Pavel Kaderabek, Kevin Vogt, Nico Schulz, Kerem Demirbay, Andrej Kramarić, Adam Szalai (od 60. Joelinton), Ishak Belfodil (od 81. Steven Zuber), Florian Grillitsch.
Trener: Julian Nagelsmann
            
            Lyon: Anthony Lopes, Marcelo, Jason Denayer, Ferland Mendy, Kenny Tete, Tanguy NDombele, Houssem Aouar, Lucas Tousart, Bertrand Traore (od 91. Pape Cheikh), Martin Terrier (od 82. Jordan Ferri), Memphis Depay (od 81. Moussa Dembélé).
Trener: Bruno Génésio"
"1541972220-86","https://www.nogomania.com/Evropski-Pokali/Liga-Prvakov.aspx","4:1","https://www.nogomania.com/Evropske-Lige/Ekipa/FC-Porto/Novica/Porto-je-obsodil-Lokomotivo-na-niclo.aspx","Porto je obsodil Lokomotivo na ničlo","Štadion: Estadio do Dragao, Gledalcev: 34616, Sodnik: Davide Massa (ITA)
        
        
            
                
                
                Porto
            
            
                4 : 1
            
            
                
                
                Lokomotiva Moskva
            
        
    
    
        
            
            
        2'Héctor Herrera1 : 0   3'Vedran Ćorluka42'Moussa Marega2 : 0 48'Felipe   2 : 159'Jefferson Farfan61'Eder Militão  67'Jesus Corona3 : 1 84'Otavio  93'Otavio4 : 1 
        
        
            Porto: Iker Casillas, Maxi Pereira, Alex Telles, Felipe, Eder Militão, Danilo Pereira, Jesus Corona (od 77. Hernâni), Oliver Torres (od 85. Sérgio Oliveira), Héctor Herrera, Yacine Brahimi (od 68. Otavio), Moussa Marega.
Trener: Sergio Conceicao
            
            Lokomotiva Moskva: Guilherme, Vedran Ćorluka, Benedikt Höwedes, Brian Idowu, Vladislav Ignatijev, Grzegorz Krychowiak, Igor Denisov, Manuel Fernandes (od 46. Jefferson Farfan), Anton Mirančuk, Aleksej Mirančuk, Eder (od 71. Fedor Smolov).
Trener: Juri Semin"
"1541972227-88","https://www.nogomania.com/Evropski-Pokali/Liga-Prvakov.aspx","-","https://www.nogomania.com/Evropske-Lige/Ekipa/Lokomotiva-Moskva/Novica/Porto-zmagoslaven-v-Moskvi.aspx","Porto zmagoslaven v Moskvi","Štadion: Stadion Lokomotive, Gledalcev: 16034, Sodnik: Bobby Madden (ŠKO)
        
        
            
                
                
                Lokomotiva Moskva
            
            
                1 : 3
            
            
                
                
                Porto
            
        
    
    
        
            
            
        25'Eder   0 : 126'Moussa Marega (11m)  27'Oliver Torres 0 : 235'Héctor Herrera38'Anton Mirančuk1 : 2  1 : 347'Jesus Corona50'Dmitri Barinov    59'Jesus Corona76'Solomon Kvirkvelia  84'Vladislav Ignatijev  
        
        
            Lokomotiva Moskva: Guilherme, Solomon Kvirkvelia, Benedikt Höwedes, Grzegorz Krychowiak, Igor Denisov, Dmitri Barinov, Vladislav Ignatijev, Anton Mirančuk, Aleksej Mirančuk, Manuel Fernandes (od 66. Rifat Žemaletdinov), Eder (od 81. Mikhail Lisov).
Trener: Juri Semin
            
            Porto: Iker Casillas, Maxi Pereira, Alex Telles, Felipe, Eder Militão, Danilo Pereira, Jesus Corona (od 69. André Pereira), Oliver Torres (od 83. Riechedly Bazoer), Héctor Herrera, Yacine Brahimi (od 82. Adrian), Moussa Marega.
Trener: Sergio Conceicao"
"1541972230-89","https://www.nogomania.com/Evropski-Pokali/Liga-Prvakov.aspx","1:0","https://www.nogomania.com/Evropske-Lige/Ekipa/FC-Porto/Novica/Porto-doma-boljsi-od-Galatasaraya.aspx","Porto doma boljši od Galatasaraya","Štadion: Estadio do Dragao, Gledalcev: 42711, Sodnik: Michael Oliver (ANG)
        
        
            
                
                
                Porto
            
            
                1 : 0
            
            
                
                
                Galatasaray
            
        
    
    
        
            
            
          31'Ryan Donk42'Eder Militão    44'Serdar Aziz49'Moussa Marega1 : 0   54'Martin Linnes58'Otavio  60'Danilo Pereira  
        
        
            Porto: Iker Casillas, Maxi Pereira, Felipe, Alex Telles, Eder Militão, Héctor Herrera (od 89. Sérgio Oliveira), Otavio (od 80. André Pereira), Danilo Pereira, Jesus Corona (od 69. Oliver Torres), Moussa Marega, Yacine Brahimi.
Trener: Sergio Conceicao
            
            Galatasaray: Fernando Muslera, Yuto Nagatomo, Serdar Aziz, Ryan Donk (od 68. Selcuk Inan), Maicon, Martin Linnes, Garry Rodrigues, Sinan Gümüs, Fernando (od 86. Yunus Akgün), Younes Belhanda (od 74. Sofiane Feghouli), Henry Onyekuru.
Trener: Fatih Terim"
"1541972218-85","https://www.nogomania.com/Evropski-Pokali/Liga-Prvakov.aspx","2:0","https://www.nogomania.com/Evropske-Lige/Ekipa/Schalke/Novica/Schalke-se-spogleduje-z-osmino-finala.aspx","Schalke se spogleduje z osmino finala","Štadion: Veltins-Arena, Gledalcev: 54740, Sodnik: William Collum (ŠKO)
        
        
            
                
                
                Schalke
            
            
                2 : 0
            
            
                
                
                Galatasaray
            
        
    
    
        
            
            
        4'Guido Burgstaller1 : 0 54'Sebastian Rudy  55'Benjamin Stambouli  57'Mark Uth2 : 0   72'Ryan Donk  81'Serdar Aziz  84'Mugdat Celik
        
        
            Schalke: Alexander Nübel, Matija Nastasić, Benjamin Stambouli, Salif Sané, Breel Donald Embolo, Alessandro Schöpf, Amine Harit (od 56. Weston McKennie), Daniel Caligiuri, Sebastian Rudy (od 76. Suat Serdar), Mark Uth (od 63. Nabil Bentaleb), Guido Burgstaller.
Trener: Domenico Tedesco
            
            Galatasaray: Fernando Muslera, Ozan Kabak, Martin Linnes (od 46. Ömer Bayram), Serdar Aziz, Ryan Donk, Mariano, Garry Rodrigues (od 63. Selcuk Inan), Sinan Gümüs (od 72. Mugdat Celik), Younes Belhanda, Badou N'Diaye, Henry Onyekuru.
Trener: Fatih Terim"
"1541972236-91","https://www.nogomania.com/Evropski-Pokali/Liga-Prvakov.aspx","1:1","https://www.nogomania.com/Evropske-Lige/Ekipa/Schalke/Novica/Porto-z-dvema-enajstmetrovkama-do-tocke.aspx","Porto z dvema enajstmetrovkama do točke","Štadion: Veltins-Arena, Gledalcev: 45755, Sodnik: Jesus Gil (ŠPA)
        
        
            
                
                
                Schalke
            
            
                1 : 1
            
            
                
                
                Porto
            
        
    
    
        
            
            
        27'Breel Donald Embolo  53'Mark Uth  64'Breel Donald Embolo1 : 0  1 : 175'Otavio (11m)  78'Jesus Corona  86'Héctor Herrera
        
        
            Schalke: Ralf Fährmann, Naldo, Matija Nastasić, Salif Sané, Nabil Bentaleb, Breel Donald Embolo (od 72. Guido Burgstaller), Alessandro Schöpf, Suat Serdar (od 84. Amine Harit), Weston McKennie, Daniel Caligiuri, Mark Uth (od 65. Jevgen Konopljanka).
Trener: Domenico Tedesco
            
            Porto: Iker Casillas, Alex Telles, Felipe, Eder Militão, Otavio (od 90. Hernâni), Danilo Pereira, Héctor Herrera, Vincent Aboubakar (od 60. Jesus Corona), Yacine Brahimi (od 82. Sérgio Oliveira), André Pereira, Moussa Marega.
Trener: Sergio Conceicao"
"1541972170-69","https://www.nogomania.com/Evropski-Pokali/Liga-Prvakov.aspx","6:0","https://www.nogomania.com/Evropske-Lige/Ekipa/Manchester-City/Novica/City-se-je-poigral-s-Sahtarjem.aspx","City se je poigral s Šahtarjem","Štadion: City of Manchester Stadium, Gledalcev: , Sodnik: Viktor Kassai (MADŽ)
        
        
            
                
                
                Manchester City
            
            
                6 : 0
            
            
                
                
                Šahtar
            
        
    
    
        
            
            
        13'David Silva1 : 0 24'Gabriel Jesus (11m)2 : 0 48'Raheem Sterling3 : 0 72'Gabriel Jesus (11m)4 : 0 84'Riyad Mahrez5 : 0 92'Gabriel Jesus6 : 0 
        
        
            Manchester City: Ederson, Aymeric Laporte, John Stones, Kyle Walker (od 61. Danilo), David Silva (od 73. Ilkay Gündogan), Fernandinho (od 76. Fabian Delph), Raheem Sterling, Oleksandr Zinčenko, Bernardo Silva, Gabriel Jesus, Riyad Mahrez.
Trener: Josep Guardiola
            
            Šahtar: Andrij Pjatov, Sergej Krivcov, Jaroslav Rakitskij, Ismaily, Mikola Matvienko, Maycon (od 77. Alan Patrick), Sergij Bolbat, Viktor Kovalenko, Taras Stepanenko, Junior Moraes (od 63. Olarenwaju Kayode), Taison (od 77. Wellington Nem).
Trener: Paulo Fonseca"
"1541972151-63","https://www.nogomania.com/Evropski-Pokali/Liga-Prvakov.aspx","2:1","https://www.nogomania.com/Evropske-Lige/Ekipa/Real-Madrid/Novica/Real-je-zmagal-alarmi-pa-niso-utihnili.aspx","Real je zmagal, alarmi pa niso utihnili","Štadion: Santiago Bernabeu, Gledalcev: 67356, Sodnik: Orel Grinfeld (IZR)
        
        
            
                
                
                Real Madrid
            
            
                2 : 1
            
            
                
                
                Viktoria Plzen
            
        
    
    
        
            
            
        11'Karim Benzema1 : 0   27'David Limbersky32'Isco  55'Marcelo2 : 0 59'Toni Kroos   2 : 178'Patrik Hrosovsky94'Sergio Ramos  
        
        
            Real Madrid: Keylor Navas, Nacho, Marcelo, Sergio Ramos, Toni Kroos, Isco (od 54. Federico Valverde), Casemiro, Gareth Bale (od 75. Marcos Asensio), Lucas Vazquez, Luka Modrić, Karim Benzema (od 88. Mariano Diaz).
Trener: Julen Lopetegui
            
            Viktoria Plzen: Aleš Hruška, Milan Havel (od 76. Ubong Moses), Roman Hubnik, David Limbersky, Radim Reznik, Lukas Hejda, Václav Procházka (od 65. Tomás Horava), Patrik Hrosovsky, Milan Petržela (od 86. Radim Reznik), Aleš Čermák, Michael Krmenčík.
Trener: Pavel Vrba"
"1541972161-66","https://www.nogomania.com/Evropski-Pokali/Liga-Prvakov.aspx","1:0","https://www.nogomania.com/Evropske-Lige/Ekipa/CSKA-Moskva/Novica/Junaski-CSKA-pokoril-Real-Madrid.aspx","Junaški CSKA pokoril Real Madrid!","Štadion: Arena CSKA, Gledalcev: 71811, Sodnik: Ovidiu Hategan (ROM)
        
        
            
                
                
                CSKA Moskva
            
            
                1 : 0
            
            
                
                
                Real Madrid
            
        
    
    
        
            
            
        2'Nikola Vlašić1 : 0 66'Jaka Bijol  93'Ivan Obljakov  96'Igor Akinfejev  96'Igor Akinfejev  
        
        
            CSKA Moskva: Igor Akinfejev, Kiril Nababkin, Mário Fernandes, Nikita Černov, Rodrigo Becão, Ivan Obljakov (od 98. Georgi Kirnats), Ilzat Ahmetov, Alan Dzagojev (od 65. Dmitri Efremov), Jaka Bijol, Nikola Vlašić, Fedor Čalov (od 78. Arnor Sigurdsson).
Trener: Viktor Gončarenko
            
            Real Madrid: Keylor Navas, Daniel Carvajal (od 43. Alvaro Odriozola), Nacho, Raphaël Varane, Sergio Reguilon, Toni Kroos, Casemiro (od 59. Luka Modrić), Lucas Vazquez (od 58. Mariano Diaz), Dani Ceballos, Marcos Asensio, Karim Benzema.
Trener: Julen Lopetegui"
"1541972278-105","https://www.nogomania.com/Evropski-Pokali/Liga-Prvakov.aspx","1:2","https://www.nogomania.com/Evropske-Lige/Ekipa/PSV-Eindhoven/Novica/Inter-z-novim-preobratom-do-druge-zmage.aspx","Inter z novim preobratom do druge zmage","Štadion: Philips Stadion, Gledalcev: 34750, Sodnik: Milorad Mažić (SRB)
        
        
            
                
                
                PSV Eindhoven
            
            
                1 : 2
            
            
                
                
                Inter
            
        
    
    
        
            
            
        27'Pablo Rosario1 : 0   41'Samir Handanovič 1 : 144'Radja Nainggolan  45'Danilo D'Ambrosio 1 : 260'Mauro Icardi  86'Kwadwo Asamoah
        
        
            PSV Eindhoven: Jeroen Zoet, Daniel Schwaab, Angeliño, Denzel Dumfries, Nick Viergever, Pablo Rosario, Jorrit Hendrix, Gastón Pereiro (od 75. Donyell Malen), Steven Bergwijn, Hirving Lozano, Luuk de Jong.
Trener: Mark van Bommel
            
            Inter: Samir Handanovič, Milan Škriniar, Danilo D'Ambrosio, Stefan de Vrij, Marcelo Brozović, Matias Vecino, Ivan Perišić, Matteo Politano (od 91. Antonio Candreva), Kwadwo Asamoah, Radja Nainggolan (od 86. Borja Valero), Mauro Icardi.
Trener: Luciano Spalletti"
"1541972186-74","https://www.nogomania.com/Evropski-Pokali/Liga-Prvakov.aspx","1:2","https://www.nogomania.com/Evropske-Lige/Ekipa/Hoffenheim/Novica/City-se-je-v-Nemciji-poigraval-z-usodo.aspx","City se je v Nemčiji poigraval z usodo","Štadion: Rhein-Neckar-Arena, Gledalcev: 24851, Sodnik: Damir Skomina (SLO)
        
        
            
                
                
                Hoffenheim
            
            
                1 : 2
            
            
                
                
                Manchester City
            
        
    
    
        
            
            
        1'Ishak Belfodil1 : 0  1 : 17'Sergio Aguero  12'Nicolas Otamendi  36'Fernandinho57'Kerem Demirbay    66'Kyle Walker 1 : 287'David Silva  94'Sergio Aguero
        
        
            Hoffenheim: Oliver Baumann, Kevin Akpoguma, Pavel Kaderabek, Joshua Brenet, Stefan Posch, Justin Hoogma, Kerem Demirbay (od 89. Robin Hack), Adam Szalai (od 54. Andrej Kramarić), Ishak Belfodil, Florian Grillitsch (od 82. Leonardo Bittencourt), Joelinton.
Trener: Julian Nagelsmann
            
            Manchester City: Ederson, Vincent Kompany, Kyle Walker, Nicolas Otamendi (od 64. John Stones), Aymeric Laporte, Leroy Sane, Fernandinho, Raheem Sterling (od 75. Riyad Mahrez), Ilkay Gündogan (od 68. Bernardo Silva), David Silva, Sergio Aguero.
Trener: Josep Guardiola"
"1541972125-55","https://www.nogomania.com/Evropski-Pokali/Liga-Prvakov.aspx","0:1","https://www.nogomania.com/Evropske-Lige/Ekipa/Manchester-Utd/Novica/Juventus-brez-tezav-obvladal-bledi-United.aspx","Juventus brez težav obvladal bledi United","Štadion: Old Trafford, Gledalcev: 73946, Sodnik: Milorad Mažić (SRB)
        
        
            
                
                
                Manchester Utd.
            
            
                0 : 1
            
            
                
                
                Juventus
            
        
    
    
        
            
            
         0 : 117'Paulo Dybala  59'Blaise Matuidi77'Ashley Young    82'Giorgio Chiellini
        
        
            Manchester Utd.: David De Gea, Chris Smalling, Luke Shaw, Victor Lindelöf, Juan Manuel Mata, Paul Pogba, Nemanja Matić, Ashley Young, Romelu Lukaku, Anthony Martial, Marcus Rashford.
Trener: Jose Mourinho
            
            Juventus: Wojciech Szczesny, Alex Sandro, Joao Cancelo (od 87. Douglas Costa), Giorgio Chiellini, Leonardo Bonucci, Blaise Matuidi, Miralem Pjanić, Juan Cuadrado (od 81. Andrea Barzagli), Rodrigo Bentancur, Paulo Dybala (od 78. Federico Bernardeschi), Cristiano Ronaldo.
Trener: Massimiliano Allegri"
"1541972202-80","https://www.nogomania.com/Evropski-Pokali/Liga-Prvakov.aspx","0:2","https://www.nogomania.com/Evropske-Lige/Ekipa/Fu%C3%9Fball-Club-Bayern-M%C3%BCnchen-e-V/Novica/Bayern-v-ligi-prvakov-bolj-miren-kot-v-Bundesligi.aspx","Bayern v ligi prvakov bolj miren kot v Bundesligi","Štadion: Olimpijski stadion Spyros Louis, Gledalcev: 61221, Sodnik: Aliaksei Kulbakov (BLR)
        
        
            
                
                
                AEK
            
            
                0 : 2
            
            
                
                
                Bayern Munchen
            
        
    
    
        
            
            
         0 : 161'Javi Martinez 0 : 263'Robert Lewandowski
        
        
            AEK: Vasilios Barkas, Vasilios Lampropoulos, Dmitro Čigrinski, Niklas Hult, Michalis Bakakis, André Simões, Konstantinos Galanopoulos (od 84. Rodrigo Galo), Petros Mantalos (od 76. Alef), Anastasios Bakasetas, Viktor Klonaridis (od 64. Lucas Boyé), Ezequiel Ponce.
Trener: Marinos Ouzounidis	
            
            Bayern Munchen: Manuel Neuer, Rafinha, Mats Hummels, Niklas Süle, Joshua Kimmich, Serge Gnabry (od 75. Thomas Müller), Javi Martinez, Thiago Alcantara, Arjen Robben, James Rodriguez (od 62. Leon Goretzka), Robert Lewandowski (od 84. Sandro Wagner).
Trener: Niko Kovač"
"1541972249-96","https://www.nogomania.com/Evropski-Pokali/Liga-Prvakov.aspx","2:2","https://www.nogomania.com/Evropske-Lige/Ekipa/Paris-Saint-Germain/Novica/Di-Maria-resil-PSG.aspx","Di Maria rešil PSG","Štadion: Parc des Princes, Gledalcev: 46274, Sodnik: Felix Zwayer (NEM)
        
        
            
                
                
                Paris SG
            
            
                2 : 2
            
            
                
                
                Napoli
            
        
    
    
        
            
            
        5'Marquinhos    9'Dries Mertens 0 : 129'Lorenzo Insigne  33'Mario Rui61'Mario Rui (AG)1 : 1  1 : 277'Dries Mertens  81'Jose Maria Callejon  86'Nikola Maksimović  92'David Ramirez Ospina93'Angel Di Maria2 : 2 95'Julian Draxler  
        
        
            Paris SG: Alphonse Areola, Marquinhos, Presnel Kimpembe, Angel Di Maria, Thomas Meunier, Marco Verratti (od 83. Moussa Diaby), Juan Bernat (od 46. Thilo Kehrer), Adrien Rabiot, Neymar, Kylian Mbappe, Edinson Cavani (od 76. Julian Draxler).
Trener: Thomas Tuchel
            
            Napoli: David Ramirez Ospina, Raul Albiol, Nikola Maksimović, Kalidou Koulibaly, Mario Rui, Fabian, Marek Hamšik, Dries Mertens (od 84. Arkadiusz Milik), Jose Maria Callejon (od 88. Marko Rog), Allan, Lorenzo Insigne (od 53. Piotr Zielinski).
Trener: Carlo Ancelotti"
"1541972164-67","https://www.nogomania.com/Evropski-Pokali/Liga-Prvakov.aspx","2:2","https://www.nogomania.com/Evropske-Lige/Ekipa/FC-Viktoria-Plze%C5%88/Novica/Bijol-debitiral-CSKA-do-tocke.aspx","Bijol debitiral, CSKA do točke","Štadion: Doosan Arena, Gledalcev: 11312, Sodnik: Benoît Bastien (FRA)
        
        
            
                
                
                Viktoria Plzen
            
            
                2 : 2
            
            
                
                
                CSKA Moskva
            
        
    
    
        
            
            
          4'Dmitri Efremov29'Michael Krmenčík1 : 0 41'Michael Krmenčík2 : 0  2 : 149'Fedor Čalov  68'Ilzat Ahmetov  73'Jaka Bijol80'Roman Hubnik    82'Arnor Sigurdsson  86'Rodrigo Becão88'Jakub Rezniček   2 : 295'Nikola Vlašić (11m)96'David Limbersky  
        
        
            Viktoria Plzen: Matús Kozácik, Roman Hubnik, David Limbersky, Radim Reznik, Ludek Pernica, Jan Kopic, Daniel Kolar (od 64. Aleš Čermák), Tomás Horava (od 89. Lukas Hejda), Jan Kovarik, Patrik Hrosovsky, Michael Krmenčík (od 74. Jakub Rezniček).
Trener: Pavel Vrba
            
            CSKA Moskva: Igor Akinfejev, Kiril Nababkin, Mário Fernandes, Nikita Černov, Rodrigo Becão, Ivan Obljakov, Dmitri Efremov (od 46. Ilzat Ahmetov), Alan Dzagojev (od 74. Timur Žamaletdinov), Jaka Bijol, Nikola Vlašić, Fedor Čalov (od 81. Arnor Sigurdsson).
Trener: Viktor Gončarenko"
"1541972123-54","https://www.nogomania.com/Evropski-Pokali/Liga-Prvakov.aspx","3:1","https://www.nogomania.com/Evropske-Lige/Ekipa/Valencia/Novica/Valencia-sledi-Manchester-Unitedu.aspx","Valencia sledi Manchester Unitedu","Štadion: Mestalla, Gledalcev: , Sodnik: Istvan Kovacs (ROM)
        
        
            
                
                
                Valencia
            
            
                3 : 1
            
            
                
                
                Young Boys
            
        
    
    
        
            
            
        14'Santi Mina1 : 0   18'Moumi Ngamaleu22'Santi Mina  30'Jose Gaya    35'Kevin Mbabu 1 : 137'Roger Assalé  38'Loris Benito42'Santi Mina2 : 1 56'Carlos Soler3 : 1   57'Sandro Lauper  67'Steve von Bergen  77'Sékou Sanogo81'Carlos Soler  
        
        
            Valencia: Neto, Daniel Wass, Ezequiel Garay, Gabriel Paulista, Jose Gaya, Gonçalo Guedes (od 75. Ferran Torres), Carlos Soler, Francis Coquelin, Geoffrey Kondogbia (od 87. Ruben Vezo), Rodrigo, Santi Mina (od 68. Kevin Gameiro).
Trener: Marcelino
            
            Young Boys: David von Ballmoos, Kevin Mbabu, Steve von Bergen, Loris Benito, Djibril Sow, Sékou Sanogo, Sandro Lauper, Christian Fassnacht (od 61. Jean-Pierre Nsame), Roger Assalé, Moumi Ngamaleu (od 46. Miralem Sulejmani), Guillaume Hoarau (od 75. Michel Aebischer).
Trener: Gerardo Seoane"
"1541972242-93","https://www.nogomania.com/Evropski-Pokali/Liga-Prvakov.aspx","1:1","https://www.nogomania.com/Evropske-Lige/Ekipa/Napoli/Novica/PSG-ostaja-zunaj-osmine-finala.aspx","PSG ostaja zunaj osmine finala","Štadion: San Paolo, Gledalcev: 70915, Sodnik: Björn Kuipers (NIZ)
        
        
            
                
                
                Napoli
            
            
                1 : 1
            
            
                
                
                Paris SG
            
        
    
    
        
            
            
          29'Kylian Mbappe  32'Thilo Kehrer45'Fabian   0 : 145'Juan Bernat62'Lorenzo Insigne (11m)1 : 1   89'Marco Verratti  91'Neymar
        
        
            Napoli: David Ramirez Ospina, Raul Albiol, Nikola Maksimović (od 76. Elseid Hysaj), Kalidou Koulibaly, Mario Rui, Fabian (od 71. Piotr Zielinski), Marek Hamšik, Dries Mertens (od 83. Adam Ounas), Jose Maria Callejon, Allan, Lorenzo Insigne.
Trener: Carlo Ancelotti
            
            Paris SG: Gianluigi Buffon, Marquinhos, Thiago Silva, Thilo Kehrer (od 92. Eric Maxim Choupo-Moting), Angel Di Maria (od 77. Edinson Cavani), Julian Draxler, Thomas Meunier (od 73. Presnel Kimpembe), Marco Verratti, Juan Bernat, Neymar, Kylian Mbappe.
Trener: Thomas Tuchel"
"1541972258-98","https://www.nogomania.com/Evropski-Pokali/Liga-Prvakov.aspx","6:1","https://www.nogomania.com/Evropske-Lige/Ekipa/Paris-Saint-Germain/Novica/PSG-je-Crveni-zvezdi-odcital-lekcijo.aspx","PSG je Crveni zvezdi odčital lekcijo","Štadion: Parc des Princes, Gledalcev: 39979, Sodnik: Artur Soares Dias (POR)
        
        
            
                
                
                Paris SG
            
            
                6 : 1
            
            
                
                
                Crvena zvezda
            
        
    
    
        
            
            
        20'Neymar1 : 0 22'Neymar2 : 0 37'Edinson Cavani3 : 0 41'Angel Di Maria4 : 0   68'Filip Stojković70'Kylian Mbappe5 : 0  5 : 174'Marko Marin  75'Milan Pavkov81'Neymar6 : 1 
        
        
            Paris SG: Alphonse Areola, Thiago Silva (od 76. Thilo Kehrer), Presnel Kimpembe, Angel Di Maria, Thomas Meunier, Marco Verratti, Juan Bernat, Adrien Rabiot, Neymar (od 82. Julian Draxler), Edinson Cavani, Kylian Mbappe (od 76. Eric Maxim Choupo-Moting).
Trener: Thomas Tuchel
            
            Crvena zvezda: Milan Borjan, Vujadin Savić (od 46. Srdjan Babić), Miloš Degenek, Milan Rodić, Branko Jovičić, Nenad Krstičić, Veljko Simić (od 46. Milan Pavkov), Marko Marin, Goran Čaušić, El Fardou Ben Nabouhane (od 73. Lorenzo Ebecilio), Nikola Stojiljković.
Trener: Vladan Milojević"
"1541972285-107","https://www.nogomania.com/Evropski-Pokali/Liga-Prvakov.aspx","2:1","https://www.nogomania.com/Evropske-Lige/Ekipa/Inter/Novica/Silna-zelja-Inter-pripeljala-do-velike-zmage.aspx","Silna želja Inter pripeljala do velike zmage","Štadion: Giuseppe Meazza, Gledalcev: 64123, Sodnik: Clément Turpin (FRA)
        
        
            
                
                
                Inter
            
            
                2 : 1
            
            
                
                
                Tottenham
            
        
    
    
        
            
            
        21'Milan Škriniar    38'Davinson Sanchez43'Ivan Perišić    51'Jan Vertonghen 0 : 153'Christian Eriksen  82'Michel Vorm85'Mauro Icardi1 : 1 92'Matias Vecino2 : 1 
        
        
            Inter: Samir Handanovič, Joao Miranda, Stefan de Vrij, Milan Škriniar, Kwadwo Asamoah, Marcelo Brozović, Matias Vecino, Ivan Perišić (od 64. Antonio Candreva), Matteo Politano (od 72. Balde Diao Keita), Radja Nainggolan (od 89. Borja Valero), Mauro Icardi.
Trener: Luciano Spalletti
            
            Tottenham: Michel Vorm, Jan Vertonghen, Benjamin Davies, Eric Dier, Davinson Sanchez, Erik Lamela (od 72. Harry Winks), Mousa Dembele, Serge Aurier, Christian Eriksen, Heung-Min Son (od 64. Lucas Moura), Harry Kane (od 90. Daniel Rose).
Trener: Mauricio Pochettino"
"1541972195-77","https://www.nogomania.com/Evropski-Pokali/Liga-Prvakov.aspx","1:1","https://www.nogomania.com/Evropske-Lige/Ekipa/SL-Benfica/Novica/Ajax-se-bo-se-potil-za-izlocilne-boje.aspx","Ajax se bo še potil za izločilne boje","Štadion: Estadio da Luz, Gledalcev: , Sodnik: Gianluca Rocchi (ITA)
        
        
            
                
                
                Benfica
            
            
                1 : 1
            
            
                
                
                Ajax
            
        
    
    
        
            
            
        29'Jonas1 : 0   34'Nicolas Tagliafico39'Jonas    42'Matthijs de Ligt45'Ljubomir Fejsa   1 : 161'Dušan Tadić70'Jardel    72'Donny van de Beek  83'Dušan Tadić
        
        
            Benfica: Odisseas Vlachodimos, Alejandro Grimaldo, Ruben Dias, Jardel, Gedson Fernandes (od 75. Pizzi), Franco Cervi, Gabriel Pires, Ljubomir Fejsa, Andre Almeida, Eduardo Salvio (od 48. Rafa Silva), Jonas (od 55. Haris Seferović).
Trener: Rui Vitoria
            
            Ajax: André Onana, Matthijs de Ligt, Noussair Mazraoui, Nicolas Tagliafico, Hakim Ziyech, Daley Blind, Lasse Schøne, Donny van de Beek, Frenkie de Jong (od 86. Maximilian Wöber), David Neres (od 74. Kasper Dolberg), Dušan Tadić.
Trener: Erik ten Hag"
"1541972273-103","https://www.nogomania.com/Evropski-Pokali/Liga-Prvakov.aspx","2:0","https://www.nogomania.com/Evropske-Lige/Ekipa/Barcelona/Novica/Barcelona-prizemljila-nemocni-Inter.aspx","Barcelona prizemljila nemočni Inter","Štadion: Nou Camp, Gledalcev: 86290, Sodnik: Ovidiu Hategan (ROM)
        
        
            
                
                
                Barcelona
            
            
                2 : 0
            
            
                
                
                Inter
            
        
    
    
        
            
            
        32'Rafinha1 : 0 62'Luis Suarez    73'Marcelo Brozović  74'Milan Škriniar83'Jordi Alba2 : 0   85'Lautaro Martinez
        
        
            Barcelona: Marc-Andre ter Stegen, Gerard Pique, Clément Lenglet, Jordi Alba, Arthur (od 78. Arturo Vidal), Sergio Busquets, Ivan Rakitić, Rafinha (od 72. Nélson Semedo), Coutinho (od 88. Munir El Haddadi), Sergi Roberto, Luis Suarez.
Trener: Ernesto Valverde
            
            Inter: Samir Handanovič, Joao Miranda, Danilo D'Ambrosio, Milan Škriniar, Marcelo Brozović, Matias Vecino, Ivan Perišić (od 77. Balde Diao Keita), Kwadwo Asamoah, Antonio Candreva (od 46. Matteo Politano), Borja Valero (od 63. Lautaro Martinez), Mauro Icardi.
Trener: Luciano Spalletti"
"1541972212-83","https://www.nogomania.com/Evropski-Pokali/Liga-Prvakov.aspx","0:2","https://www.nogomania.com/Evropske-Lige/Ekipa/Fu%C3%9Fball-Club-Bayern-M%C3%BCnchen-e-V/Novica/Bavarsko-slavje-v-Lizboni.aspx","Bavarsko slavje v Lizboni","Štadion: Estadio da Luz, Gledalcev: 60274, Sodnik: Antonio Mateu (ŠPA)
        
        
            
                
                
                Benfica
            
            
                0 : 2
            
            
                
                
                Bayern Munchen
            
        
    
    
        
            
            
         0 : 110'Robert Lewandowski  18'Joshua Kimmich22'Ljubomir Fejsa  39'Jardel    52'Mats Hummels 0 : 254'Renato Sanches
        
        
            Benfica: Odisseas Vlachodimos, Alejandro Grimaldo, Ruben Dias, Jardel, Gedson Fernandes (od 76. Andrija Živković), Franco Cervi, Ljubomir Fejsa, Andre Almeida, Pizzi (od 62. Rafa Silva), Eduardo Salvio (od 62. Gabriel Pires), Haris Seferović.
Trener: Rui Vitoria
            
            Bayern Munchen: Manuel Neuer, Jerome Boateng, Mats Hummels, Joshua Kimmich, Renato Sanches, Franck Ribery (od 62. Serge Gnabry), Arjen Robben, James Rodriguez (od 79. Leon Goretzka), David Alaba, Javi Martinez (od 88. Thomas Müller), Robert Lewandowski.
Trener: Niko Kovač"
"1541972238-92","https://www.nogomania.com/Evropski-Pokali/Liga-Prvakov.aspx","3:0","https://www.nogomania.com/Evropske-Lige/Ekipa/Galatasaray-SK/Novica/Gala-se-je-vrnil-v-velikem-slogu.aspx","Gala se je vrnil v velikem slogu","Štadion: Turk Telekom Arena, Gledalcev: 43542, Sodnik: Gianluca Rocchi (ITA)
        
        
            
                
                
                Galatasaray
            
            
                3 : 0
            
            
                
                
                Lokomotiva Moskva
            
        
    
    
        
            
            
        9'Garry Rodrigues1 : 0   23'Vedran Ćorluka42'Badou N'Diaye    60'Brian Idowu67'Eren Derdiyok2 : 0 72'Fernando  87'Badou N'Diaye    88'Igor Denisov  93'Guilherme94'Selcuk Inan (11m)3 : 0 
        
        
            Galatasaray: Fernando Muslera, Yuto Nagatomo, Serdar Aziz, Ryan Donk, Martin Linnes, Emre Akbaba, Garry Rodrigues (od 91. Garry Rodrigues, od 91. Garry Rodrigues), Badou N'Diaye, Fernando, Younes Belhanda (od 73. Maicon), Eren Derdiyok (od 82. Henry Onyekuru).
Trener: Fatih Terim
            
            Lokomotiva Moskva: Guilherme, Vedran Ćorluka, Benedikt Höwedes, Brian Idowu, Solomon Kvirkvelia, Vladislav Ignatijev (od 69. Eder), Manuel Fernandes, Aleksej Mirančuk (od 86. Anton Mirančuk), Grzegorz Krychowiak, Igor Denisov, Jefferson Farfan.
Trener: Juri Semin"
"1541972298-110","https://www.nogomania.com/Evropski-Pokali/Liga-Prvakov.aspx","-","https://www.nogomania.com/Evropske-Lige/Ekipa/AS-Monaco/Novica/Monaco-je-dosegel-dno.aspx","Monaco je dosegel dno","Štadion: Stade Louis II, Gledalcev: 8347, Sodnik: Artur Soares Dias (POR)
        
        
            
                
                
                Monaco
            
            
                0 : 4
            
            
                
                
                Club Brugge
            
        
    
    
        
            
            
         0 : 112'Hans Vanaken15'Antonio Barreca   0 : 217'Hans Vanaken (11m) 0 : 324'Wesley 0 : 485'Ruud Vormer
        
        
            Monaco: Diego Benaglio, Kamil Glik (od 76. Almamy Toure), Djibril Sidibé, Jemerson, Antonio Barreca, Moussa Sylla, Sofiane Diop, Youssef Ait Bennasser (od 68. Han-Noah Massengo), Youri Tielemans, Nacer Chadli, Radamel Falcao (od 61. Aleksandr Golovin).
Trener: Thierry Henry
            
            Club Brugge: Ethan Horvath, Clinton Mata (od 77. Thibault Vlietinck), Marvelous Nakamba, Brandon Mechele, Benoit Poulain, Stefano Denswil, Ruud Vormer, Mats Rits, Hans Vanaken, Wesley (od 72. Kaveh Rezaei), Krépin Diatta (od 6. Dion Cools).
Trener: Ivan Leko"
"1541972302-111","https://www.nogomania.com/Evropski-Pokali/Liga-Prvakov.aspx","4:0","https://www.nogomania.com/Evropske-Lige/Ekipa/Borussia-Dortmund/Novica/Polom-Atletica-brez-primere.aspx","Polom Atletica brez primere","Štadion: Signal Iduna Park, Gledalcev: 66099, Sodnik: Anthony Taylor (ANG)
        
        
            
                
                
                Borussia Dortmund
            
            
                4 : 0
            
            
                
                
                Atletico Madrid
            
        
    
    
        
            
            
        13'Abdou Diallo    35'Thomas38'Axel Witsel1 : 0   45'Thomas Lemar73'Raphaël Guerreiro2 : 0   82'Luis Filipe83'Jadon Sancho3 : 0   87'Diego Costa89'Raphaël Guerreiro4 : 0 93'Dan-Axel Zagadou    93'Angel Correa
        
        
            Borussia Dortmund: Roman Burki, Abdou Diallo, Achraf Hakimi, Dan-Axel Zagadou, Christian Pulišić (od 79. Jadon Sancho), Lukasz Piszczek, Marco Reus, Mario Götze, Thomas Delaney (od 35. Mahmoud Dahoud), Axel Witsel, Jacob Bruun Larsen (od 63. Raphaël Guerreiro).
Trener: Lucien Favre
            
            Atletico Madrid: Jan Oblak, Luis Filipe, Diego Godin, Lucas Hernández, Saul (od 70. Angel Correa), Thomas Lemar, Thomas (od 46. Rodri), Koke, Juanfran, Diego Costa, Antoine Griezmann.
Trener: Diego Pablo Simeone"
"1541972134-58","https://www.nogomania.com/Evropski-Pokali/Liga-Prvakov.aspx","3:0","https://www.nogomania.com/Evropske-Lige/Ekipa/Juventus/Novica/Dybala-izkoristil-Ronaldovo-odsotnost.aspx","Dybala izkoristil Ronaldovo odsotnost","Štadion: Allianz Stadium, Gledalcev: 40961, Sodnik: Sergej Karasev (RUS)
        
        
            
                
                
                Juventus
            
            
                3 : 0
            
            
                
                
                Young Boys
            
        
    
    
        
            
            
        5'Paulo Dybala1 : 0   24'Leonardo Bertone33'Paulo Dybala2 : 0   41'Sékou Sanogo69'Paulo Dybala3 : 0   75'Mohamed Aly Camara  78'Mohamed Aly Camara
        
        
            Juventus: Wojciech Szczesny, Alex Sandro, Andrea Barzagli, Leonardo Bonucci, Medhi Benatia, Blaise Matuidi (od 46. Emre Can), Miralem Pjanić (od 70. Sami Khedira), Federico Bernardeschi, Juan Cuadrado, Paulo Dybala, Mario Mandžukić (od 78. Moise Kean).
Trener: Massimiliano Allegri
            
            Young Boys: David von Ballmoos, Steve von Bergen, Loris Benito, Mohamed Aly Camara, Djibril Sow, Sékou Sanogo (od 46. Sandro Lauper), Leonardo Bertone, Christian Fassnacht (od 71. Roger Assalé), Thorsten Schick, Guillaume Hoarau, Miralem Sulejmani (od 70. Moumi Ngamaleu).
Trener: Gerardo Seoane"
"1541972282-106","https://www.nogomania.com/Evropski-Pokali/Liga-Prvakov.aspx","2:4","https://www.nogomania.com/Evropske-Lige/Ekipa/Tottenham/Novica/Barcelona-pokazala-svoj-pravi-obraz.aspx","Barcelona pokazala svoj pravi obraz","Štadion: Wembley, Gledalcev: 82137, Sodnik: Felix Zwayer (NEM)
        
        
            
                
                
                Tottenham
            
            
                2 : 4
            
            
                
                
                Barcelona
            
        
    
    
        
            
            
         0 : 12'Coutinho14'Toby Alderweireld   0 : 228'Ivan Rakitić41'Victor Wanyama  43'Erik Lamela  52'Harry Kane1 : 2  1 : 356'Lionel Messi  59'Arthur66'Erik Lamela2 : 3   71'Sergio Busquets74'Harry Kane   2 : 490'Lionel Messi93'Eric Dier  
        
        
            Tottenham: Hugo Lloris, Toby Alderweireld, Benjamin Davies, Kieran Trippier, Davinson Sanchez, Harry Winks, Lucas Moura, Erik Lamela (od 79. Fernando Llorente), Victor Wanyama (od 57. Eric Dier), Heung-Min Son (od 66. Moussa Sissoko), Harry Kane.
Trener: Mauricio Pochettino
            
            Barcelona: Marc-Andre ter Stegen, Nélson Semedo, Clément Lenglet, Jordi Alba, Gerard Pique, Sergio Busquets (od 91. Thomas Vermaelen), Ivan Rakitić, Arthur (od 87. Arturo Vidal), Coutinho (od 83. Rafinha), Luis Suarez, Lionel Messi.
Trener: Ernesto Valverde"
"1541972260-99","https://www.nogomania.com/Evropski-Pokali/Liga-Prvakov.aspx","0:0","https://www.nogomania.com/Evropske-Lige/Ekipa/Crvena-zvezda/Novica/Nepozaben-vecer-na-Marakani.aspx","Nepozaben večer na Marakani","Štadion: Marakana, Gledalcev: 49112, Sodnik: Szymon Marciniak (POL)
        
        
            
                
                
                Crvena zvezda
            
            
                0 : 0
            
            
                
                
                Napoli
            
        
    
    
        
            
            
          17'Allan37'Nenad Krstičić  55'Miloš Degenek    57'Raul Albiol  92'Arkadiusz Milik  95'Mario Rui
        
        
            Crvena zvezda: Milan Borjan, Vujadin Savić, Miloš Degenek, Milan Rodić, Filip Stojković, Branko Jovičić (od 56. Dušan Jovančić), Nenad Krstičić, Marko Marin (od 87. Veljko Simić), Goran Čaušić, El Fardou Ben Nabouhane, Richmond Boakye (od 81. Milan Pavkov).
Trener: Vladan Milojević
            
            Napoli: David Ramirez Ospina, Raul Albiol, Kalidou Koulibaly, Elseid Hysaj, Mario Rui, Fabian, Jose Maria Callejon (od 75. Adam Ounas), Allan (od 61. Dries Mertens), Piotr Zielinski (od 76. Marek Hamšik), Arkadiusz Milik, Lorenzo Insigne.
Trener: Carlo Ancelotti"
"1541972120-53","https://www.nogomania.com/Evropski-Pokali/Liga-Prvakov.aspx","1:2","https://www.nogomania.com/Evropske-Lige/Ekipa/Juventus/Novica/Neverjeten-razplet-v-Torinu-Mourinho-slavi.aspx","Neverjeten razplet v Torinu, Mourinho slavi!","Štadion: Allianz Stadium, Gledalcev: , Sodnik: Ovidiu Hategan (ROM)
        
        
            
                
                
                Juventus
            
            
                1 : 2
            
            
                
                
                Manchester Utd.
            
        
    
    
        
            
            
          12'Nemanja Matić55'Alex Sandro  65'Cristiano Ronaldo1 : 0 75'Paulo Dybala    75'Ander Herrera 1 : 186'Juan Manuel Mata 1 : 289'Alex Sandro (AG)
        
        
            Juventus: Wojciech Szczesny, Alex Sandro, Mattia De Sciglio (od 83. Andrea Barzagli), Giorgio Chiellini, Leonardo Bonucci, Juan Cuadrado (od 92. Mario Mandžukić), Rodrigo Bentancur, Sami Khedira (od 61. Blaise Matuidi), Miralem Pjanić, Cristiano Ronaldo, Paulo Dybala.
Trener: Massimiliano Allegri
            
            Manchester Utd.: David De Gea, Chris Smalling, Luke Shaw, Victor Lindelöf, Jesse Lingard (od 70. Marcus Rashford), Ander Herrera (od 79. Juan Manuel Mata), Nemanja Matić, Ashley Young, Paul Pogba, Anthony Martial, Alexis Sanchez (od 79. Marouane Fellaini).
Trener: Jose Mourinho"
"1541972269-102","https://www.nogomania.com/Evropski-Pokali/Liga-Prvakov.aspx","2:1","https://www.nogomania.com/Evropske-Lige/Ekipa/Tottenham/Novica/Tottenham-je-obrnil-tekmo-proti-PSV.aspx","Tottenham je obrnil tekmo proti PSV","Štadion: Wembley, Gledalcev: 46588, Sodnik: Ivan Kružliak (SVK)
        
        
            
                
                
                Tottenham
            
            
                2 : 1
            
            
                
                
                PSV Eindhoven
            
        
    
    
        
            
            
         0 : 12'Luuk de Jong  38'Hirving Lozano63'Heung-Min Son  78'Harry Kane1 : 1 89'Trent Sainsbury (AG)2 : 1   93'Daniel Schwaab95'Kieran Trippier  
        
        
            Tottenham: Paulo Gazzaniga, Benjamin Davies, Toby Alderweireld, Davinson Sanchez, Dele Alli, Harry Winks, Serge Aurier (od 75. Kieran Trippier), Christian Eriksen, Lucas Moura (od 62. Erik Lamela), Harry Kane, Heung-Min Son (od 75. Fernando Llorente).
Trener: Mauricio Pochettino
            
            PSV Eindhoven: Jeroen Zoet, Daniel Schwaab, Angeliño, Denzel Dumfries, Nick Viergever, Pablo Rosario, Jorrit Hendrix, Gastón Pereiro (od 73. Donyell Malen), Steven Bergwijn (od 86. Erick Gutiérrez), Hirving Lozano, Luuk de Jong (od 81. Trent Sainsbury).
Trener: Mark van Bommel"
"1541972292-109","https://www.nogomania.com/Evropski-Pokali/Liga-Prvakov.aspx","2:0","https://www.nogomania.com/Evropske-Lige/Ekipa/Atletico-Madrid/Novica/Sladko-mascevanje-Atletica.aspx","Sladko maščevanje Atletica","Štadion: Estadio Wanda Metropolitano, Gledalcev: 61023, Sodnik: Daniele Orsato (ITA)
        
        
            
                
                
                Atletico Madrid
            
            
                2 : 0
            
            
                
                
                Borussia Dortmund
            
        
    
    
        
            
            
        6'Angel Correa    31'Jadon Sancho33'Saul1 : 0 80'Antoine Griezmann2 : 0   91'Manuel Akanji  93'Marco Reus
        
        
            Atletico Madrid: Jan Oblak, Luis Filipe, Jose Gimenez (od 46. Francisco Montero), Lucas Hernández, Saul, Thomas, Juanfran, Rodri, Nikola Kalinić (od 62. Gelson Martins), Antoine Griezmann, Angel Correa (od 80. Vitolo).
Trener: Diego Pablo Simeone
            
            Borussia Dortmund: Roman Burki, Manuel Akanji, Omer Toprak, Achraf Hakimi, Lukasz Piszczek, Marco Reus, Thomas Delaney, Axel Witsel, Christian Pulišić (od 59. Raphaël Guerreiro), Jadon Sancho (od 79. Jacob Bruun Larsen), Paco Alcacer (od 75. Mario Götze).
Trener: Lucien Favre"
"1541972205-81","https://www.nogomania.com/Evropski-Pokali/Liga-Prvakov.aspx","2:3","https://www.nogomania.com/Evropske-Lige/Ekipa/AEK-Atene/Novica/Kljub-igralcu-manj-Benfica-zavzela-Atene.aspx","Kljub igralcu manj Benfica zavzela Atene","Štadion: Olimpijski stadion Spyros Louis, Gledalcev: 31154, Sodnik: Orel Grinfeld (IZR)
        
        
            
                
                
                AEK
            
            
                2 : 3
            
            
                
                
                Benfica
            
        
    
    
        
            
            
         0 : 16'Haris Seferović  8'Ruben Dias 0 : 215'Alejandro Grimaldo34'Ezequiel Ponce  40'Anastasios Bakasetas    45'Ruben Dias53'Viktor Klonaridis1 : 2 63'Viktor Klonaridis2 : 2  2 : 374'Alfa Semedo  79'Andre Almeida  93'Alejandro Grimaldo
        
        
            AEK: Vasilios Barkas, Dmitro Čigrinski, Marios Oikonomou (od 68. Uroš Ćosić), Niklas Hult, Michalis Bakakis, André Simões (od 79. Rodrigo Galo), Konstantinos Galanopoulos, Petros Mantalos, Anastasios Bakasetas, Viktor Klonaridis, Ezequiel Ponce (od 60. Georgios Giakoumakis).
Trener: Marinos Ouzounidis	
            
            Benfica: Odisseas Vlachodimos, Alejandro Grimaldo, Ruben Dias, Germán Conti, Gedson Fernandes, Ljubomir Fejsa, Andre Almeida, Pizzi (od 62. Alfa Semedo), Eduardo Salvio (od 46. Cristian Lema), Haris Seferović, Rafa Silva (od 84. Franco Cervi).
Trener: Rui Vitoria"
"1541972192-76","https://www.nogomania.com/Evropski-Pokali/Liga-Prvakov.aspx","2:2","https://www.nogomania.com/Evropske-Lige/Ekipa/Sahtar-Donjeck/Novica/Brazilski-mladenic-resil-Sahtar.aspx","Brazilski mladenič rešil Šahtar","Štadion: Donbass Arena, Gledalcev: 28336, Sodnik: Jakob Kehlet (DAN)
        
        
            
                
                
                Šahtar
            
            
                2 : 2
            
            
                
                
                Hoffenheim
            
        
    
    
        
            
            
         0 : 16'Florian Grillitsch27'Ismaily1 : 1   29'Florian Grillitsch 1 : 238'Havard Nordtveit45'Junior Moraes  52'Alan Patrick  77'Jaroslav Rakitskij  81'Maycon2 : 2 
        
        
            Šahtar: Andrij Pjatov, Jaroslav Rakitskij, Bohdan Butko, Ismaily, Davit Khočolava, Sergij Bolbat (od 57. Viktor Kovalenko), Marlos, Taras Stepanenko, Alan Patrick (od 76. Maycon), Junior Moraes, Taison.
Trener: Paulo Fonseca
            
            Hoffenheim: Oliver Baumann, Havard Nordtveit, Pavel Kaderabek, Stefan Posch, Kevin Vogt, Leonardo Bittencourt (od 64. Kerem Demirbay), Nico Schulz, Andrej Kramarić (od 85. Reiss Nelson), Adam Szalai (od 75. Steven Zuber), Florian Grillitsch, Joelinton.
Trener: Julian Nagelsmann"
"1541972247-95","https://www.nogomania.com/Evropski-Pokali/Liga-Prvakov.aspx","4:0","https://www.nogomania.com/Evropske-Lige/Ekipa/Liverpool/Novica/Crvena-zvezda-nemocna-na-Anfieldu.aspx","Crvena zvezda nemočna na Anfieldu","Štadion: Anfield, Gledalcev: 53024, Sodnik: Daniel Siebert (NEM)
        
        
            
                
                
                Liverpool
            
            
                4 : 0
            
            
                
                
                Crvena zvezda
            
        
    
    
        
            
            
        20'Roberto Firmino1 : 0 45'Mohamed Salah2 : 0   50'Filip Stojković51'Mohamed Salah (11m)3 : 0   55'Nenad Krstičić  74'Branko Jovičić80'Sadio Mane4 : 0   86'Dušan Jovančić  88'Marko Gobeljić
        
        
            Liverpool: Alisson, Trent Alexander-Arnold, Joe Gomez, Fabinho, Virgil van Dijk, Andrew Robertson (od 82. Alberto Moreno), Xherdan Shaqiri (od 68. Adam Lallana), Roberto Firmino, Georginio Wijnaldum, Mohamed Salah (od 73. Daniel Sturridge), Sadio Mane.
Trener: Jürgen Klopp
            
            Crvena zvezda: Milan Borjan, Srdjan Babić, Miloš Degenek, Filip Stojković, Marko Gobeljić, Branko Jovičić (od 75. Goran Čaušić), Slavoljub Srnić, Nenad Krstičić, Lorenzo Ebecilio (od 65. Dušan Jovančić), Richmond Boakye, El Fardou Ben Nabouhane (od 81. Veljko Simić).
Trener: Vladan Milojević"
"1541972140-60","https://www.nogomania.com/Evropski-Pokali/Liga-Prvakov.aspx","0:3","https://www.nogomania.com/Evropske-Lige/Ekipa/Manchester-Utd/Novica/Pogba-blestel-ob-visoki-zmagi-Uniteda.aspx","Pogba blestel ob visoki zmagi Uniteda","Štadion: Stade de Suisse, Gledalcev: 31120, Sodnik: Deniz Aytekin (NEM)
        
        
            
                
                
                Young Boys
            
            
                0 : 3
            
            
                
                
                Manchester Utd.
            
        
    
    
        
            
            
         0 : 135'Paul Pogba 0 : 244'Paul Pogba (11m)  49'Fred 0 : 366'Anthony Martial82'Roger Assalé  
        
        
            Young Boys: David von Ballmoos, Camara Camara, Kevin Mbabu, Steve von Bergen, Loris Benito, Djibril Sow (od 59. Michel Aebischer), Sékou Sanogo, Christian Fassnacht (od 65. Moumi Ngamaleu), Roger Assalé, Guillaume Hoarau (od 75. Jean-Pierre Nsame), Miralem Sulejmani.
Trener: Gerardo Seoane
            
            Manchester Utd.: David De Gea, Chris Smalling, Luke Shaw, Victor Lindelöf, Diogo Dalot, Nemanja Matić, Fred (od 70. Marouane Fellaini), Paul Pogba (od 75. Andreas Pereira), Anthony Martial, Romelu Lukaku, Marcus Rashford (od 69. Juan Manuel Mata).
Trener: Jose Mourinho"
"1541972174-70","https://www.nogomania.com/Evropski-Pokali/Liga-Prvakov.aspx","2:2","https://www.nogomania.com/Evropske-Lige/Ekipa/Olympique-Lyonnais/Novica/Lyon-zapravil-odlicno-priloznost-za-osmino-finala.aspx","Lyon zapravil odlično priložnost za osmino finala","Štadion: Stade des Lumières, Gledalcev: , Sodnik: Danny Makkelie (NIZ)
        
        
            
                
                
                Lyon
            
            
                2 : 2
            
            
                
                
                Hoffenheim
            
        
    
    
        
            
            
        6'Jason Denayer    18'Kasim Nuhu19'Nabil Fekir1 : 0 28'Tanguy NDombele2 : 0   43'Florian Grillitsch  48'Ermin Bičakčić  51'Kasim Nuhu 2 : 165'Andrej Kramarić  72'Joelinton  72'Kevin Vogt91'Jeremy Morel   2 : 292'Pavel Kaderabek
        
        
            Lyon: Anthony Lopes, Marcelo, Rafael, Jeremy Morel, Jason Denayer, Ferland Mendy, Tanguy NDombele (od 88. Pape Cheikh), Houssem Aouar, Lucas Tousart, Nabil Fekir (od 74. Moussa Dembélé), Memphis Depay (od 87. Bertrand Traore).
Trener: Bruno Génésio
            
            Hoffenheim: Oliver Baumann, Ermin Bičakčić, Pavel Kaderabek, Kasim Nuhu, Kerem Demirbay (od 79. Havard Nordtveit), Kevin Vogt, Nico Schulz, Andrej Kramarić, Ishak Belfodil (od 67. Adam Szalai), Florian Grillitsch (od 57. Reiss Nelson), Joelinton.
Trener: Julian Nagelsmann"
"1541972307-113","https://www.nogomania.com/Evropski-Pokali/Liga-Prvakov.aspx","3:1","https://www.nogomania.com/Evropske-Lige/Ekipa/Atletico-Madrid/Novica/Atletico-trdno-v-sedlu-za-osmino-finala.aspx","Atletico trdno v sedlu za osmino finala","Štadion: Estadio Wanda Metropolitano, Gledalcev: 55742, Sodnik: Ivan Kružliak (SVK)
        
        
            
                
                
                Atletico Madrid
            
            
                3 : 1
            
            
                
                
                Club Brugge
            
        
    
    
        
            
            
          27'Mats Rits28'Antoine Griezmann1 : 0 36'Jose Gimenez   1 : 139'Arnaut Groeneveld67'Antoine Griezmann2 : 1   81'Lois Openda85'Lucas Hernández  93'Koke3 : 1 
        
        
            Atletico Madrid: Jan Oblak, Diego Godin, Santiago Arias, Jose Gimenez (od 46. Luis Filipe, od 46. Marius Wolf), Lucas Hernández, Saul, Thomas Lemar, Thomas (od 63. Angel Correa), Koke, Diego Costa, Antoine Griezmann.
Trener: Diego Pablo Simeone
            
            Club Brugge: Karlo Letica, Brandon Mechele, Benoit Poulain, Stefano Denswil, Ruud Vormer, Mats Rits (od 75. Lois Openda), Hans Vanaken, Wesley, Thibault Vlietinck (od 57. Clinton Mata), Siebe Schrijvers (od 56. Marvelous Nakamba), Arnaut Groeneveld.
Trener: Ivan Leko"
"1541972183-73","https://www.nogomania.com/Evropski-Pokali/Liga-Prvakov.aspx","2:2","https://www.nogomania.com/Evropske-Lige/Ekipa/Olympique-Lyonnais/Novica/Lyon-se-je-resil-poraza.aspx","Lyon se je rešil poraza","Štadion: Stade des Lumières, Gledalcev: 0, Sodnik: Andris Treimanis (LAT)
        
        
            
                
                
                Lyon
            
            
                2 : 2
            
            
                
                
                Šahtar
            
        
    
    
        
            
            
         0 : 144'Junior Moraes46'Nabil Fekir   0 : 255'Junior Moraes70'Moussa Dembélé1 : 2 72'Leo Dubois2 : 2 
        
        
            Lyon: Anthony Lopes, Marcelo, Leo Dubois, Jason Denayer, Ferland Mendy, Tanguy NDombele (od 87. Pape Cheikh), Houssem Aouar, Nabil Fekir, Bertrand Traore (od 63. Memphis Depay), Lucas Tousart, Moussa Dembélé (od 81. Maxwel Cornet).
Trener: Bruno Génésio
            
            Šahtar: Andrij Pjatov, Sergej Krivcov, Jaroslav Rakitskij, Ismaily, Mikola Matvienko, Maycon, Marlos (od 91. Fernando), Taras Stepanenko, Alan Patrick (od 75. Viktor Kovalenko), Junior Moraes (od 83. Olarenwaju Kayode), Taison.
Trener: Paulo Fonseca"
"1541972198-78","https://www.nogomania.com/Evropski-Pokali/Liga-Prvakov.aspx","2:0","https://www.nogomania.com/Evropske-Lige/Ekipa/Fu%C3%9Fball-Club-Bayern-M%C3%BCnchen-e-V/Novica/Bayern-prakticno-v-osmini-finala.aspx","Bayern praktično v osmini finala","Štadion: Allianz Arena, Gledalcev: , Sodnik: Matej Jug (SLO)
        
        
            
                
                
                Bayern Munchen
            
            
                2 : 0
            
            
                
                
                AEK
            
        
    
    
        
            
            
          30'Uroš Ćosić31'Robert Lewandowski (11m)1 : 0   64'André Simões  67'Vasilios Lampropoulos71'Robert Lewandowski2 : 0 
        
        
            Bayern Munchen: Manuel Neuer, Jerome Boateng, Mats Hummels, Franck Ribery (od 84. Rafinha), David Alaba, Serge Gnabry (od 87. Renato Sanches), Leon Goretzka, Joshua Kimmich, Javi Martinez, Robert Lewandowski (od 91. Sandro Wagner), Thomas Müller.
Trener: Niko Kovač
            
            AEK: Vasilios Barkas, Vasilios Lampropoulos, Uroš Ćosić, Dmitro Čigrinski, Niklas Hult, Michalis Bakakis, André Simões, Alef (od 67. Erik Moran), Konstantinos Galanopoulos (od 78. Rodrigo Galo), Petros Mantalos (od 80. Lucas Boyé), Ezequiel Ponce.
Trener: Marinos Ouzounidis"
"1541972189-75","https://www.nogomania.com/Evropski-Pokali/Liga-Prvakov.aspx","1:2","https://www.nogomania.com/Evropske-Lige/Ekipa/Manchester-City/Novica/Lyon-avtor-prve-velike-senzacije.aspx","Lyon avtor prve velike senzacije","Štadion: City of Manchester Stadium, Gledalcev: 40111, Sodnik: Daniele Orsato (ITA)
        
        
            
                
                
                Manchester City
            
            
                1 : 2
            
            
                
                
                Lyon
            
        
    
    
        
            
            
         0 : 126'Maxwel Cornet 0 : 243'Nabil Fekir67'Bernardo Silva1 : 2   77'Nabil Fekir90'Sergio Aguero    94'Bertrand Traore
        
        
            Manchester City: Ederson, Aymeric Laporte, John Stones, Kyle Walker, Fabian Delph, David Silva, Fernandinho, Raheem Sterling (od 76. Riyad Mahrez), Bernardo Silva, Ilkay Gündogan (od 55. Leroy Sane), Gabriel Jesus (od 63. Sergio Aguero).
Trener: Josep Guardiola
            
            Lyon: Anthony Lopes, Marcelo, Jason Denayer, Ferland Mendy, Rafael (od 77. Leo Dubois), Tanguy NDombele, Houssem Aouar, Pape Cheikh, Nabil Fekir (od 79. Lucas Tousart), Maxwel Cornet (od 92. Bertrand Traore), Memphis Depay.
Trener: Bruno Génésio"
"1541972254-97","https://www.nogomania.com/Evropski-Pokali/Liga-Prvakov.aspx","1:0","https://www.nogomania.com/Evropske-Lige/Ekipa/Napoli/Novica/Insigne-je-San-Paolo-potisnil-v-trans.aspx","Insigne je San Paolo potisnil v trans","Štadion: San Paolo, Gledalcev: 37057, Sodnik: Viktor Kassai (MADŽ)
        
        
            
                
                
                Napoli
            
            
                1 : 0
            
            
                
                
                Liverpool
            
        
    
    
        
            
            
        25'Kalidou Koulibaly    45'James Milner90'Lorenzo Insigne1 : 0 
        
        
            Napoli: David Ramirez Ospina, Raul Albiol, Nikola Maksimović, Kalidou Koulibaly, Mario Rui, Fabian (od 68. Simone Verdi), Jose Maria Callejon, Allan, Marek Hamšik (od 81. Piotr Zielinski), Lorenzo Insigne, Arkadiusz Milik (od 68. Dries Mertens).
Trener: Carlo Ancelotti
            
            Liverpool: Alisson, Trent Alexander-Arnold, Virgil van Dijk, Andrew Robertson, Joe Gomez, Naby Keita (od 19. Jordan Henderson), James Milner (od 76. Fabinho), Roberto Firmino, Georginio Wijnaldum, Mohamed Salah, Sadio Mane (od 89. Daniel Sturridge).
Trener: Jürgen Klopp"
"1541972208-82","https://www.nogomania.com/Evropski-Pokali/Liga-Prvakov.aspx","1:1","https://www.nogomania.com/Evropske-Lige/Ekipa/Fu%C3%9Fball-Club-Bayern-M%C3%BCnchen-e-V/Novica/Bayern-je-v-krizi-spet-brez-zmage.aspx","Bayern je v krizi, spet brez zmage","Štadion: Allianz Arena, Gledalcev: 70000, Sodnik: Pavel Kralovec (ČEŠ)
        
        
            
                
                
                Bayern Munchen
            
            
                1 : 1
            
            
                
                
                Ajax
            
        
    
    
        
            
            
        4'Mats Hummels1 : 0   21'Donny van de Beek 1 : 122'Noussair Mazraoui40'Javi Martinez    51'Daley Blind78'James Rodriguez  88'Serge Gnabry  
        
        
            Bayern Munchen: Manuel Neuer, Jerome Boateng, Mats Hummels (od 93. Niklas Süle), Javi Martinez, Thiago Alcantara, Franck Ribery (od 74. Serge Gnabry), Arjen Robben (od 62. James Rodriguez), David Alaba, Joshua Kimmich, Robert Lewandowski, Thomas Müller.
Trener: Niko Kovač
            
            Ajax: André Onana, Maximilian Wöber, Noussair Mazraoui, Nicolas Tagliafico, Hakim Ziyech, Daley Blind, Lasse Schøne, Donny van de Beek (od 75. Dani de Wit), Dani de Wit, David Neres (od 85. Kasper Dolberg), Dušan Tadić.
Trener: Erik ten Hag"
"1541972317-116","https://www.nogomania.com/Evropski-Pokali/Liga-Prvakov.aspx","1:2","https://www.nogomania.com/Evropske-Lige/Ekipa/AS-Monaco/Novica/Atletico-prigaral-zmago-v-knezevini.aspx","Atletico prigaral zmago v kneževini","Štadion: Stade Louis II, Gledalcev: 10575, Sodnik: William Collum (ŠKO)
        
        
            
                
                
                Monaco
            
            
                1 : 2
            
            
                
                
                Atletico Madrid
            
        
    
    
        
            
            
        11'Radamel Falcao  18'Samuel Grandsir1 : 0  1 : 131'Diego Costa 1 : 245'Jose Gimenez  48'Jose Gimenez52'Djibril Sidibé  78'Adama Traore    92'Diego Costa
        
        
            Monaco: Diego Benaglio, Kamil Glik, Djibril Sidibé, Jemerson, Kévin N'Doram, Jean-Eudes Aholou (od 69. Adama Traore), Samuel Grandsir (od 77. Moussa Sylla), Benjamin Henrichs, Youri Tielemans, Nacer Chadli (od 58. Jordi Mboula), Radamel Falcao.
Trener: Thierry Henry
            
            Atletico Madrid: Jan Oblak, Diego Godin, Jose Gimenez, Lucas Hernández, Saul, Juanfran, Koke, Rodri, Diego Costa, Antoine Griezmann, Angel Correa (od 70. Thomas Lemar).
Trener: Diego Pablo Simeone"
"1541972148-62","https://www.nogomania.com/Evropski-Pokali/Liga-Prvakov.aspx","1:2","https://www.nogomania.com/Evropske-Lige/Ekipa/CSKA-Moskva/Novica/Kljucna-zmaga-Rome.aspx","Ključna zmaga Rome","Štadion: Arena CSKA, Gledalcev: , Sodnik: Cuneyt Cakιr (TUR)
        
        
            
                
                
                CSKA Moskva
            
            
                1 : 2
            
            
                
                
                Roma
            
        
    
    
        
            
            
         0 : 14'Konstantinos Manolas30'Hördur Magnússon  51'Arnor Sigurdsson1 : 1 56'Hördur Magnússon   1 : 259'Lorenzo Pellegrini
        
        
            CSKA Moskva: Igor Akinfejev, Kiril Nababkin, Mário Fernandes (od 12. Georgi Ščenikov), Hördur Magnússon, Rodrigo Becão, Ivan Obljakov, Arnor Sigurdsson (od 64. Nikita Černov), Ilzat Ahmetov (od 76. Khetag Kosunov), Jaka Bijol, Nikola Vlašić, Fedor Čalov.
Trener: Viktor Gončarenko
            
            Roma: Robin Olsen, Davide Santon, Aleksandar Kolarov, Federico Fazio, Konstantinos Manolas, Steven Nzonzi, Lorenzo Pellegrini (od 82. Nicolò Zaniolo), Bryan Cristante, Alessandro Florenzi (od 88. Juan Jesus), Justin Kluivert (od 70. Cengiz Under), Edin Džeko.
Trener: Eusebio Di Francesco"
"1541972157-65","https://www.nogomania.com/Evropski-Pokali/Liga-Prvakov.aspx","5:0","https://www.nogomania.com/Evropske-Lige/Ekipa/Roma/Novica/Roma-odpihnila-ceske-prvake.aspx","Roma odpihnila češke prvake","Štadion: Olimpico, Gledalcev: 41243, Sodnik: Paweł Raczkowski (POL)
        
        
            
                
                
                Roma
            
            
                5 : 0
            
            
                
                
                Viktoria Plzen
            
        
    
    
        
            
            
        3'Edin Džeko1 : 0 40'Edin Džeko2 : 0   51'Lukas Hejda64'Cengiz Under3 : 0 73'Justin Kluivert4 : 0 80'Patrik Schick  92'Edin Džeko5 : 0 
        
        
            Roma: Robin Olsen, Aleksandar Kolarov (od 75. Luca Pellegrini), Federico Fazio, Juan Jesus, Alessandro Florenzi, Bryan Cristante, Steven Nzonzi, Lorenzo Pellegrini (od 74. Patrik Schick), Cengiz Under (od 74. Nicolò Zaniolo), Justin Kluivert, Edin Džeko.
Trener: Eusebio Di Francesco
            
            Viktoria Plzen: Matús Kozácik, Lukas Hejda, Václav Procházka, Roman Hubnik, David Limbersky, Radim Reznik, Tomás Horava (od 64. Daniel Kolar), Jan Kovarik, Patrik Hrosovsky, Martin Zeman (od 71. Ubong Moses), Michael Krmenčík (od 78. Jakub Rezniček).
Trener: Pavel Vrba"
"1541972143-61","https://www.nogomania.com/Evropski-Pokali/Liga-Prvakov.aspx","0:5","https://www.nogomania.com/Evropske-Lige/Ekipa/Real-Madrid/Novica/Prebujeni-Real-si-krepi-samozavest.aspx","Prebujeni Real si krepi samozavest","Štadion: Doosan Arena, Gledalcev: 11483, Sodnik: Deniz Aytekin (NEM)
        
        
            
                
                
                Viktoria Plzen
            
            
                0 : 5
            
            
                
                
                Real Madrid
            
        
    
    
        
            
            
         0 : 120'Karim Benzema 0 : 223'Casemiro 0 : 337'Karim Benzema 0 : 440'Gareth Bale  53'Nacho 0 : 567'Toni Kroos
        
        
            Viktoria Plzen: Aleš Hruška, Milan Havel (od 38. Milan Petržela), Roman Hubnik, David Limbersky, Radim Reznik, Lukas Hejda, Václav Procházka, Patrik Hrosovsky, Jan Kopic, Aleš Čermák (od 61. Tomás Horava), Tomaš Chory (od 80. Jakub Rezniček).
Trener: Pavel Vrba
            
            Real Madrid: Thibaut Courtois, Nacho, Sergio Ramos (od 59. Javier Sanchez), Alvaro Odriozola, Sergio Reguilon, Casemiro, Gareth Bale, Lucas Vazquez, Dani Ceballos, Toni Kroos (od 73. Isco), Karim Benzema (od 62. Vinicius Júnior).
Trener: Julen Lopetegui"
"1541972233-90","https://www.nogomania.com/Evropski-Pokali/Liga-Prvakov.aspx","0:1","https://www.nogomania.com/Evropske-Lige/Ekipa/Lokomotiva-Moskva/Novica/Schalke-do-prve-zmage-slavil-je-v-Moskvi.aspx","Schalke do prve zmage, slavil je v Moskvi","Štadion: Stadion Lokomotive, Gledalcev: 21471, Sodnik: Anthony Taylor (ANG)
        
        
            
                
                
                Lokomotiva Moskva
            
            
                0 : 1
            
            
                
                
                Schalke
            
        
    
    
        
            
            
          18'Omar Mascarell19'Benedikt Höwedes  43'Solomon Kvirkvelia  45'Vladislav Ignatijev    52'Weston McKennie 0 : 188'Weston McKennie
        
        
            Lokomotiva Moskva: Guilherme, Benedikt Höwedes, Brian Idowu, Solomon Kvirkvelia, Dmitri Barinov, Vladislav Ignatijev, Grzegorz Krychowiak, Anton Mirančuk (od 72. Igor Denisov), Aleksej Mirančuk (od 83. Rifat Žemaletdinov), Manuel Fernandes, Eder.
Trener: Juri Semin
            
            Schalke: Ralf Fährmann, Naldo, Salif Sané, Hamza Mendyl, Weston McKennie, Daniel Caligiuri, Jevgen Konopljanka, Breel Donald Embolo (od 72. Guido Burgstaller), Omar Mascarell (od 46. Suat Serdar), Sebastian Rudy (od 55. Nabil Bentaleb), Mark Uth.
Trener: Domenico Tedesco"
